{
    "room": {
        "id": "1d252a25bb0230f9ec312bc0",
        "biz": false,
        "uid": "3fcf2cd9fddaa0c5ea5060a0",
        "city": "杭州",
        "road": "迎春北苑",
        "cost1": "2200",
        "house": 1,
        "photo": "http://dp.zuber.im/view/group_topic/l/public/p129428468.jpg",
        "title": "转租（非中介）：迎春北苑单间（非合租），近滨河路地铁口，月租",
        "region": "",
        "source": "douban",
        "status": 0,
        "address": "迎春北苑",
        "bed_sex": 0,
        "content": "此房源由zuber整理, 请直接联系出租人微信/手机，备注“租房”\n\n推荐理由：无中介费，转租费仅200元，租房灵活性高。要知道外面找中介分分钟1000+中介费和1000+转租费。非常适合短期租房或者可能有其他打算的朋友\n地理位置：距一号线滨河路地铁口零距离，小区后门直达，非常适合上班族。\n小区环境：小区内绿化好，周边超市、饭店、理发店应有尽有，邻居多为年轻的上班族，都很随和礼貌。\n费用说明：2200元房租费+80元物业费 + 40元网费 + 水电费。独立水电表，商用电1.2元/度，水费4.5元/吨。网费应该是可以自己去另外安装可以便宜一些。免中介费，转租费200元你我分摊一人100，一次付清。\n房间环境：房间虽小五脏俱全，自带厨房、桌椅、冰箱、洗衣机、1.5m大床，所有我购买的收纳用品直接送给你，风扇电磁炉锅具刀具等如有需要也可低价卖出。窗口朝南，落地窗，阳光非常好，窗帘遮光性强。\n签约时间：8月15号签约，10-15日即可以入住，15号之后也可商量。\n看房时间：工作日19点以后，周末全天，提前联系即可。\n联系方式：15558653727 微信或电话均可\n\n\n点击 https://m.douban.com/group/topic/121225001/ 查看最新状态\n请实地看房,如需租房请核实对方证件材料并拍照留底（身份证、租赁合同等），如要转账请备注钱财用处（定金/押金/租金等）",
        "summary": "此房源由zuber整理, 请直接联系出租人微信/手机，备注“租房”推荐理由：无中介费，转租费仅200元，租房灵活性高。要知道外面找中介分分钟1000+中介费和1000+转租费。非常适合短期租房或者可能有其他打算的朋友地理位置：距一号线滨河路地铁口零距离，小区后门直达，非常适合上班族。小区环境：小区内绿化好，周边超市、饭店、理发店应有尽有，邻居多为年轻的上班族，都很随和礼貌。费用说明：22...",
        "bed_type": 1,
        "latitude": 30.198363,
        "province": "",
        "user_url": "https://mobile.zuber.im/room/1d252a25bb0230f9ec312bc0?share=1",
        "has_video": false,
        "longitude": 120.219787,
        "share_url": "https://mobile.zuber.im/room/1d252a25bb0230f9ec312bc0?share=1",
        "short_rent": 0,
        "source_url": "https://m.douban.com/group/topic/121225001/",
        "start_time": "2018-08-10",
        "bus_station": "江陵路滨和路口(公交站)",
        "create_time": "31分钟前",
        "format_time": "30分钟前",
        "photo_count": 0,
        "subway_line": "1号线",
        "view_number": 1,
        "localization": "1号线滨和路",
        "pricesection": "租金 2200",
        "comment_count": 0,
        "subway_station": "滨和路",
        "share_weibo_url": "https://mobile.zuber.im/room/1d252a25bb0230f9ec312bc0?share=1",
        "show_remain_day": 7,
        "last_modify_time": "2018-07-30 17:51:58",
        "room_type_affirm": "转租房源",
        "share_weixin_url": "https://mobile.zuber.im/room/1d252a25bb0230f9ec312bc0?share=1"
    },
    "user": {
        "id": "3fcf2cd9fddaa0c5ea5060a0",
        "biz": false,
        "sex": "f",
        "avatar": "http://img.17zub.com/3fcf2cd9fddaa0c5ea5060a0/2017/07/19/596ec0f348277.jpg",
        "gender": "f",
        "college": "",
        "company": "zuber",
        "xingzuo": "",
        "user_url": "https://mobile.zuber.im/user/3fcf2cd9fddaa0c5ea5060a0",
        "username": "zuber杭州租房",
        "born_city": "",
        "share_url": "https://mobile.zuber.im/user/3fcf2cd9fddaa0c5ea5060a0",
        "user_type": 1,
        "profession": "zuber官方运营-杭州",
        "account_type": 1,
        "large_avatar": "http://img.17zub.com/3fcf2cd9fddaa0c5ea5060a0/2017/07/19/596ec0f348277.jpg",
        "born_province": "",
        "medium_avatar": "http://img.17zub.com/3fcf2cd9fddaa0c5ea5060a0/2017/07/19/596ec0f348277.jpg",
        "user_type_name": "房客",
        "share_weibo_url": "https://mobile.zuber.im/user/3fcf2cd9fddaa0c5ea5060a0",
        "share_weixin_url": "https://mobile.zuber.im/user/3fcf2cd9fddaa0c5ea5060a0"
    }
}